timestamp,cpu,ram,disk
2026-03-27 07:23:12 | CPU: 0.7% | RAM: 20.5% | Disk: 0.8%
2026-03-27 07:23:15 | CPU: 0.2% | RAM: 20.4% | Disk: 0.8%
2026-03-27 07:23:18 | CPU: 0.2% | RAM: 20.4% | Disk: 0.8%
2026-03-27 07:23:21 | CPU: 0.8% | RAM: 19.0% | Disk: 0.8%
2026-03-27 07:23:24 | CPU: 0.2% | RAM: 19.0% | Disk: 0.8%
2026-03-27 07:23:27 | CPU: 0.3% | RAM: 19.0% | Disk: 0.8%
2026-03-27 07:23:30 | CPU: 0.1% | RAM: 19.0% | Disk: 0.8%
2026-03-27 07:23:33 | CPU: 0.6% | RAM: 18.9% | Disk: 0.8%
2026-03-27 07:23:36 | CPU: 0.8% | RAM: 19.0% | Disk: 0.8%
2026-03-27 07:23:39 | CPU: 0.2% | RAM: 19.0% | Disk: 0.8%
2026-03-27 07:23:42 | CPU: 0.5% | RAM: 19.0% | Disk: 0.8%
2026-03-27 07:23:45 | CPU: 0.2% | RAM: 19.0% | Disk: 0.8%
2026-03-27 07:23:48 | CPU: 0.2% | RAM: 19.0% | Disk: 0.8%
2026-03-27 07:23:51 | CPU: 0.6% | RAM: 19.0% | Disk: 0.8%
2026-03-27 07:23:54 | CPU: 0.3% | RAM: 19.0% | Disk: 0.8%
2026-03-27 07:23:57 | CPU: 0.2% | RAM: 19.0% | Disk: 0.8%
2026-03-27 07:24:00 | CPU: 0.3% | RAM: 19.0% | Disk: 0.8%
2026-03-27 07:24:03 | CPU: 0.7% | RAM: 19.0% | Disk: 0.8%
2026-03-27 07:24:06 | CPU: 1.2% | RAM: 19.0% | Disk: 0.8%
2026-03-27 07:24:09 | CPU: 0.3% | RAM: 19.0% | Disk: 0.8%
2026-03-27 07:24:12 | CPU: 0.7% | RAM: 19.0% | Disk: 0.8%
2026-03-27 07:24:15 | CPU: 0.6% | RAM: 19.0% | Disk: 0.8%
2026-03-27 07:24:18 | CPU: 0.9% | RAM: 19.0% | Disk: 0.8%
2026-03-27 07:24:21 | CPU: 1.7% | RAM: 19.0% | Disk: 0.8%
2026-03-27 07:24:24 | CPU: 0.9% | RAM: 19.0% | Disk: 0.8%
2026-03-27 07:24:27 | CPU: 1.4% | RAM: 19.0% | Disk: 0.8%
2026-03-27 07:24:30 | CPU: 0.9% | RAM: 19.0% | Disk: 0.8%
2026-03-27 07:24:33 | CPU: 0.8% | RAM: 19.0% | Disk: 0.8%
2026-03-27 07:24:36 | CPU: 1.3% | RAM: 19.0% | Disk: 0.8%
2026-03-27 07:24:39 | CPU: 1.1% | RAM: 19.0% | Disk: 0.8%
2026-03-27 07:24:42 | CPU: 1.4% | RAM: 19.0% | Disk: 0.8%
2026-03-27 07:24:45 | CPU: 0.8% | RAM: 19.0% | Disk: 0.8%
2026-03-27 07:24:48 | CPU: 1.0% | RAM: 19.0% | Disk: 0.8%
2026-03-27 07:24:51 | CPU: 1.2% | RAM: 19.0% | Disk: 0.8%
2026-03-27 07:24:54 | CPU: 0.9% | RAM: 19.0% | Disk: 0.8%
2026-03-27 07:24:57 | CPU: 0.8% | RAM: 19.0% | Disk: 0.8%
2026-03-27 07:25:00 | CPU: 1.0% | RAM: 19.0% | Disk: 0.8%
2026-03-27 07:25:03 | CPU: 1.2% | RAM: 19.0% | Disk: 0.8%
2026-03-27 07:25:06 | CPU: 1.9% | RAM: 19.0% | Disk: 0.8%
2026-03-27 07:25:09 | CPU: 1.1% | RAM: 19.0% | Disk: 0.8%
2026-03-27 07:25:12 | CPU: 1.7% | RAM: 19.0% | Disk: 0.8%
2026-03-27 07:25:15 | CPU: 1.3% | RAM: 19.0% | Disk: 0.8%
2026-03-27 07:25:19 | CPU: 1.2% | RAM: 19.0% | Disk: 0.8%
2026-03-27 07:25:22 | CPU: 1.4% | RAM: 19.0% | Disk: 0.8%
2026-03-27 07:25:25 | CPU: 1.2% | RAM: 19.0% | Disk: 0.8%
2026-03-27 07:25:28 | CPU: 1.3% | RAM: 19.0% | Disk: 0.8%
2026-03-27 07:25:31 | CPU: 1.4% | RAM: 19.0% | Disk: 0.8%
2026-03-27 07:25:34 | CPU: 1.2% | RAM: 19.0% | Disk: 0.8%
2026-03-27 07:25:37 | CPU: 1.6% | RAM: 19.0% | Disk: 0.8%
2026-03-27 07:25:40 | CPU: 0.5% | RAM: 19.0% | Disk: 0.8%
2026-03-27 07:25:43 | CPU: 0.9% | RAM: 19.0% | Disk: 0.8%
2026-03-27 07:25:46 | CPU: 0.6% | RAM: 19.0% | Disk: 0.8%
2026-03-27 07:25:49 | CPU: 0.1% | RAM: 19.0% | Disk: 0.8%
2026-03-27 07:25:52 | CPU: 0.3% | RAM: 19.0% | Disk: 0.8%
2026-03-27 07:25:55 | CPU: 0.1% | RAM: 19.0% | Disk: 0.8%
2026-03-27 07:25:58 | CPU: 0.2% | RAM: 19.0% | Disk: 0.8%
2026-03-27 07:26:01 | CPU: 0.7% | RAM: 19.0% | Disk: 0.8%
2026-03-27 07:26:04 | CPU: 0.5% | RAM: 19.0% | Disk: 0.8%
2026-03-27 07:26:07 | CPU: 0.4% | RAM: 19.0% | Disk: 0.8%
2026-03-27 07:26:10 | CPU: 0.2% | RAM: 19.0% | Disk: 0.8%
2026-03-27 07:26:13 | CPU: 0.2% | RAM: 19.0% | Disk: 0.8%
2026-03-27 07:26:16 | CPU: 0.5% | RAM: 19.0% | Disk: 0.8%
2026-03-27 07:26:19 | CPU: 0.1% | RAM: 19.0% | Disk: 0.8%
2026-03-27 07:26:22 | CPU: 0.4% | RAM: 19.0% | Disk: 0.8%
2026-03-27 07:26:25 | CPU: 0.3% | RAM: 19.0% | Disk: 0.8%
2026-03-27 07:26:28 | CPU: 0.1% | RAM: 19.0% | Disk: 0.8%
2026-03-27 07:26:31 | CPU: 0.5% | RAM: 19.0% | Disk: 0.8%
2026-03-27 07:26:34 | CPU: 0.4% | RAM: 19.0% | Disk: 0.8%
2026-03-27 07:26:37 | CPU: 0.4% | RAM: 19.0% | Disk: 0.8%
2026-03-27 07:26:40 | CPU: 0.2% | RAM: 19.0% | Disk: 0.8%
2026-03-27 07:26:43 | CPU: 0.3% | RAM: 19.0% | Disk: 0.8%
2026-03-27 07:26:46 | CPU: 0.4% | RAM: 19.0% | Disk: 0.8%
2026-03-27 07:26:49 | CPU: 0.2% | RAM: 19.0% | Disk: 0.8%
2026-03-27 07:26:52 | CPU: 0.3% | RAM: 19.0% | Disk: 0.8%
2026-03-27 07:26:55 | CPU: 0.4% | RAM: 19.0% | Disk: 0.8%
2026-03-27 07:26:58 | CPU: 0.2% | RAM: 19.0% | Disk: 0.8%
2026-03-27 07:27:01 | CPU: 0.7% | RAM: 19.0% | Disk: 0.8%
2026-03-27 07:27:04 | CPU: 0.4% | RAM: 19.0% | Disk: 0.8%
2026-03-27 07:27:07 | CPU: 0.3% | RAM: 19.0% | Disk: 0.8%
2026-03-27 07:27:10 | CPU: 0.4% | RAM: 19.0% | Disk: 0.8%
2026-03-27 07:27:13 | CPU: 0.2% | RAM: 19.0% | Disk: 0.8%
2026-03-27 07:27:16 | CPU: 0.7% | RAM: 19.0% | Disk: 0.8%
2026-03-27 07:27:19 | CPU: 0.6% | RAM: 19.0% | Disk: 0.8%
2026-03-27 07:27:22 | CPU: 1.3% | RAM: 18.9% | Disk: 0.8%
2026-03-27 07:27:25 | CPU: 1.3% | RAM: 19.0% | Disk: 0.8%
2026-03-27 07:27:28 | CPU: 1.1% | RAM: 18.9% | Disk: 0.8%
2026-03-27 07:27:31 | CPU: 1.6% | RAM: 19.0% | Disk: 0.8%
2026-03-27 07:27:34 | CPU: 1.4% | RAM: 19.0% | Disk: 0.8%
2026-03-27 07:27:37 | CPU: 1.3% | RAM: 19.0% | Disk: 0.8%
2026-03-27 07:27:40 | CPU: 1.4% | RAM: 19.0% | Disk: 0.8%
2026-03-27 07:27:43 | CPU: 1.1% | RAM: 19.0% | Disk: 0.8%
2026-03-27 07:27:46 | CPU: 1.4% | RAM: 19.0% | Disk: 0.8%
2026-03-27 07:27:49 | CPU: 1.6% | RAM: 19.0% | Disk: 0.8%
2026-03-27 07:27:52 | CPU: 1.7% | RAM: 19.0% | Disk: 0.8%
2026-03-27 07:27:55 | CPU: 0.9% | RAM: 19.0% | Disk: 0.8%
2026-03-27 07:27:58 | CPU: 0.7% | RAM: 19.0% | Disk: 0.8%
2026-03-27 07:28:01 | CPU: 0.8% | RAM: 19.0% | Disk: 0.8%
2026-03-27 07:28:04 | CPU: 0.5% | RAM: 19.0% | Disk: 0.8%
2026-03-27 07:28:07 | CPU: 0.1% | RAM: 19.0% | Disk: 0.8%
2026-03-27 07:28:10 | CPU: 0.7% | RAM: 19.0% | Disk: 0.8%
2026-03-27 07:28:13 | CPU: 0.1% | RAM: 19.0% | Disk: 0.8%
2026-03-27 07:28:16 | CPU: 0.4% | RAM: 19.0% | Disk: 0.8%
2026-03-27 07:28:19 | CPU: 0.2% | RAM: 19.0% | Disk: 0.8%
2026-03-27 07:28:22 | CPU: 0.3% | RAM: 19.0% | Disk: 0.8%
2026-03-27 07:28:25 | CPU: 0.3% | RAM: 18.9% | Disk: 0.8%
2026-03-27 07:28:28 | CPU: 0.2% | RAM: 19.0% | Disk: 0.8%
2026-03-27 07:28:31 | CPU: 0.6% | RAM: 19.0% | Disk: 0.8%
2026-03-27 07:28:34 | CPU: 0.3% | RAM: 19.0% | Disk: 0.8%
2026-03-27 07:28:37 | CPU: 0.3% | RAM: 19.0% | Disk: 0.8%
2026-03-27 07:28:40 | CPU: 0.3% | RAM: 19.0% | Disk: 0.8%
2026-03-27 07:28:43 | CPU: 0.3% | RAM: 19.0% | Disk: 0.8%
2026-03-27 07:28:46 | CPU: 0.7% | RAM: 19.0% | Disk: 0.8%
2026-03-27 07:28:49 | CPU: 0.3% | RAM: 19.0% | Disk: 0.8%
2026-03-27 07:28:52 | CPU: 0.9% | RAM: 19.0% | Disk: 0.8%
2026-03-27 07:28:55 | CPU: 0.4% | RAM: 19.0% | Disk: 0.8%
2026-03-27 07:28:58 | CPU: 0.3% | RAM: 19.0% | Disk: 0.8%
2026-03-27 07:29:01 | CPU: 0.6% | RAM: 19.0% | Disk: 0.8%
2026-03-27 07:29:05 | CPU: 0.3% | RAM: 19.0% | Disk: 0.8%
2026-03-27 07:29:08 | CPU: 0.6% | RAM: 19.0% | Disk: 0.8%
2026-03-27 07:29:11 | CPU: 0.7% | RAM: 19.0% | Disk: 0.8%
2026-03-27 07:29:14 | CPU: 0.1% | RAM: 19.0% | Disk: 0.8%
2026-03-27 07:29:17 | CPU: 0.3% | RAM: 19.0% | Disk: 0.8%
2026-03-27 07:29:20 | CPU: 0.3% | RAM: 19.0% | Disk: 0.8%
2026-03-27 07:29:23 | CPU: 0.7% | RAM: 19.0% | Disk: 0.8%
2026-03-27 07:29:26 | CPU: 0.6% | RAM: 19.0% | Disk: 0.8%
2026-03-27 07:29:29 | CPU: 0.3% | RAM: 19.0% | Disk: 0.8%
2026-03-27 07:29:32 | CPU: 1.1% | RAM: 19.0% | Disk: 0.8%
2026-03-27 07:29:35 | CPU: 0.4% | RAM: 19.0% | Disk: 0.8%
2026-03-27 07:29:38 | CPU: 0.6% | RAM: 19.0% | Disk: 0.8%
2026-03-27 07:29:41 | CPU: 0.6% | RAM: 19.0% | Disk: 0.8%
2026-03-27 07:29:44 | CPU: 0.6% | RAM: 19.0% | Disk: 0.8%
2026-03-27 07:29:47 | CPU: 0.6% | RAM: 19.0% | Disk: 0.8%
2026-03-27 07:29:50 | CPU: 0.3% | RAM: 19.0% | Disk: 0.8%
2026-03-27 07:29:53 | CPU: 0.5% | RAM: 19.0% | Disk: 0.8%
2026-03-27 07:29:56 | CPU: 0.6% | RAM: 19.1% | Disk: 0.8%
2026-03-27 07:29:59 | CPU: 0.4% | RAM: 19.1% | Disk: 0.8%
2026-03-27 07:30:02 | CPU: 0.4% | RAM: 19.1% | Disk: 0.8%
2026-03-27 07:30:05 | CPU: 0.6% | RAM: 19.1% | Disk: 0.8%
2026-03-27 07:30:08 | CPU: 0.8% | RAM: 19.0% | Disk: 0.8%
2026-03-27 07:30:11 | CPU: 1.3% | RAM: 19.0% | Disk: 0.8%
2026-03-27 07:30:14 | CPU: 0.9% | RAM: 19.0% | Disk: 0.8%
2026-03-27 07:30:17 | CPU: 1.2% | RAM: 19.0% | Disk: 0.8%
2026-03-27 07:30:20 | CPU: 1.2% | RAM: 19.0% | Disk: 0.8%
2026-03-27 07:30:23 | CPU: 1.0% | RAM: 19.0% | Disk: 0.8%
2026-03-27 07:30:26 | CPU: 1.7% | RAM: 19.0% | Disk: 0.8%
2026-03-27 07:30:29 | CPU: 1.0% | RAM: 19.0% | Disk: 0.8%
2026-03-27 07:30:32 | CPU: 2.0% | RAM: 19.0% | Disk: 0.8%
2026-03-27 07:30:35 | CPU: 5.2% | RAM: 19.5% | Disk: 0.8%
2026-03-27 07:30:38 | CPU: 1.3% | RAM: 19.0% | Disk: 0.8%
2026-03-27 11:41:37 | CPU: 0.3% | RAM: 19.1% | Disk: 0.8%
2026-03-27 11:41:40 | CPU: 0.2% | RAM: 19.1% | Disk: 0.8%
2026-03-27 11:41:43 | CPU: 0.4% | RAM: 19.0% | Disk: 0.8%
2026-03-27 11:41:46 | CPU: 0.6% | RAM: 19.1% | Disk: 0.8%
2026-03-27 11:41:49 | CPU: 0.8% | RAM: 19.1% | Disk: 0.8%
2026-03-27 11:41:52 | CPU: 0.5% | RAM: 19.1% | Disk: 0.8%
2026-03-27 11:41:55 | CPU: 0.6% | RAM: 19.1% | Disk: 0.8%
2026-04-03 04:38:11 | CPU: 0.5% | RAM: 18.0% | Disk: 0.8%
2026-04-03 04:38:14 | CPU: 0.1% | RAM: 18.0% | Disk: 0.8%
2026-04-03 05:03:16 | CPU: 1.2% | RAM: 17.8% | Disk: 0.8%
2026-04-03 05:03:19 | CPU: 1.0% | RAM: 17.8% | Disk: 0.8%
2026-04-03 05:03:22 | CPU: 0.4% | RAM: 17.8% | Disk: 0.8%
2026-04-03 05:03:25 | CPU: 0.4% | RAM: 17.8% | Disk: 0.8%
2026-04-03 05:03:28 | CPU: 0.1% | RAM: 17.8% | Disk: 0.8%
2026-04-03 05:03:31 | CPU: 0.5% | RAM: 17.8% | Disk: 0.8%
2026-04-03 05:03:34 | CPU: 0.2% | RAM: 17.8% | Disk: 0.8%
2026-04-03 05:03:37 | CPU: 1.1% | RAM: 17.8% | Disk: 0.8%
2026-04-03 05:03:40 | CPU: 0.7% | RAM: 17.8% | Disk: 0.8%
2026-04-03 05:03:43 | CPU: 0.2% | RAM: 17.8% | Disk: 0.8%
2026-04-03 05:03:46 | CPU: 0.4% | RAM: 17.8% | Disk: 0.8%
2026-04-03 05:03:50 | CPU: 0.1% | RAM: 17.8% | Disk: 0.8%
2026-04-03 05:03:53 | CPU: 0.6% | RAM: 17.8% | Disk: 0.8%
2026-04-03 05:03:56 | CPU: 1.1% | RAM: 17.8% | Disk: 0.8%
2026-04-03 05:03:59 | CPU: 1.1% | RAM: 17.8% | Disk: 0.8%
2026-04-03 05:04:02 | CPU: 0.5% | RAM: 17.8% | Disk: 0.8%
2026-04-03 05:04:05 | CPU: 0.1% | RAM: 17.8% | Disk: 0.8%
2026-04-03 05:04:08 | CPU: 0.5% | RAM: 17.8% | Disk: 0.8%
2026-04-03 05:04:11 | CPU: 0.2% | RAM: 17.8% | Disk: 0.8%
2026-04-03 05:04:14 | CPU: 0.3% | RAM: 17.8% | Disk: 0.8%
2026-04-03 05:04:17 | CPU: 1.2% | RAM: 17.8% | Disk: 0.8%
2026-04-03 05:04:21 | CPU: 0.9% | RAM: 17.8% | Disk: 0.8%
2026-04-03 05:04:24 | CPU: 0.2% | RAM: 17.8% | Disk: 0.8%
2026-04-03 05:04:27 | CPU: 0.2% | RAM: 17.8% | Disk: 0.8%
2026-04-03 05:04:31 | CPU: 0.2% | RAM: 17.8% | Disk: 0.8%
2026-04-03 05:04:34 | CPU: 0.4% | RAM: 17.9% | Disk: 0.8%
2026-04-03 05:04:37 | CPU: 0.2% | RAM: 17.9% | Disk: 0.8%
2026-04-03 05:04:40 | CPU: 0.8% | RAM: 17.9% | Disk: 0.8%
2026-04-03 05:04:43 | CPU: 0.6% | RAM: 17.9% | Disk: 0.8%
2026-04-03 05:04:46 | CPU: 0.2% | RAM: 17.9% | Disk: 0.8%
2026-04-03 05:04:49 | CPU: 0.4% | RAM: 17.9% | Disk: 0.8%
2026-04-03 05:04:52 | CPU: 0.1% | RAM: 17.9% | Disk: 0.8%
2026-04-03 05:04:56 | CPU: 0.3% | RAM: 17.9% | Disk: 0.8%
2026-04-03 05:04:59 | CPU: 1.3% | RAM: 17.9% | Disk: 0.8%
2026-04-03 05:05:02 | CPU: 0.9% | RAM: 17.9% | Disk: 0.8%
2026-04-03 05:05:05 | CPU: 0.3% | RAM: 17.9% | Disk: 0.8%
2026-04-03 05:05:08 | CPU: 0.1% | RAM: 17.9% | Disk: 0.8%
2026-04-03 05:05:11 | CPU: 0.1% | RAM: 17.8% | Disk: 0.8%
2026-04-03 05:05:14 | CPU: 0.6% | RAM: 17.8% | Disk: 0.8%
2026-04-03 05:05:17 | CPU: 0.3% | RAM: 17.8% | Disk: 0.8%
2026-04-03 05:05:20 | CPU: 1.1% | RAM: 17.8% | Disk: 0.8%
2026-04-03 05:05:23 | CPU: 0.9% | RAM: 17.8% | Disk: 0.8%
2026-04-03 05:05:26 | CPU: 0.2% | RAM: 17.8% | Disk: 0.8%
2026-04-03 05:05:30 | CPU: 0.5% | RAM: 17.8% | Disk: 0.8%
2026-04-03 05:05:33 | CPU: 0.1% | RAM: 17.8% | Disk: 0.8%
2026-04-03 05:05:36 | CPU: 0.1% | RAM: 17.8% | Disk: 0.8%
2026-04-03 05:05:39 | CPU: 0.2% | RAM: 17.8% | Disk: 0.8%
2026-04-03 05:05:42 | CPU: 1.0% | RAM: 17.8% | Disk: 0.8%
2026-04-03 05:05:45 | CPU: 0.9% | RAM: 17.8% | Disk: 0.8%
2026-04-03 05:05:48 | CPU: 0.2% | RAM: 17.8% | Disk: 0.8%
2026-04-03 05:05:51 | CPU: 0.4% | RAM: 17.8% | Disk: 0.8%
2026-04-03 05:05:54 | CPU: 0.1% | RAM: 17.8% | Disk: 0.8%
2026-04-03 05:05:57 | CPU: 0.6% | RAM: 17.8% | Disk: 0.8%
2026-04-03 05:06:00 | CPU: 0.5% | RAM: 17.8% | Disk: 0.8%
2026-04-03 05:06:05 | CPU: 0.5% | RAM: 17.8% | Disk: 0.8%
2026-04-03 05:06:08 | CPU: 1.6% | RAM: 17.8% | Disk: 0.8%
2026-04-03 05:06:11 | CPU: 0.6% | RAM: 17.8% | Disk: 0.8%
2026-04-03 05:06:14 | CPU: 0.2% | RAM: 17.8% | Disk: 0.8%
2026-04-03 05:06:17 | CPU: 0.4% | RAM: 17.8% | Disk: 0.8%
2026-04-03 11:42:39 | CPU: 0.4% | RAM: 10.7% | Disk: 0.8%
2026-04-03 11:42:42 | CPU: 0.1% | RAM: 10.7% | Disk: 0.8%
2026-04-03 11:42:45 | CPU: 0.2% | RAM: 10.7% | Disk: 0.8%
2026-04-03 11:42:48 | CPU: 0.2% | RAM: 10.7% | Disk: 0.8%
2026-04-03 11:42:51 | CPU: 0.2% | RAM: 10.7% | Disk: 0.8%
2026-04-03 11:42:54 | CPU: 0.4% | RAM: 10.7% | Disk: 0.8%
2026-04-03 11:42:58 | CPU: 0.3% | RAM: 10.7% | Disk: 0.8%
2026-04-03 11:43:01 | CPU: 0.0% | RAM: 10.8% | Disk: 0.8%
2026-04-03 11:43:04 | CPU: 0.2% | RAM: 10.7% | Disk: 0.8%
2026-04-03 11:43:07 | CPU: 0.1% | RAM: 10.7% | Disk: 0.8%
2026-04-03 11:43:10 | CPU: 0.9% | RAM: 10.7% | Disk: 0.8%
2026-04-03 11:43:13 | CPU: 0.1% | RAM: 10.7% | Disk: 0.8%
2026-04-03 11:43:16 | CPU: 0.2% | RAM: 10.7% | Disk: 0.8%
2026-04-03 11:43:19 | CPU: 0.1% | RAM: 10.7% | Disk: 0.8%
2026-04-03 11:43:22 | CPU: 0.1% | RAM: 10.7% | Disk: 0.8%
2026-04-03 11:43:25 | CPU: 0.4% | RAM: 10.7% | Disk: 0.8%
2026-04-03 11:43:28 | CPU: 0.1% | RAM: 10.7% | Disk: 0.8%
2026-04-03 11:43:33 | CPU: 0.1% | RAM: 10.8% | Disk: 0.8%
2026-04-03 11:43:36 | CPU: 0.4% | RAM: 10.8% | Disk: 0.8%
2026-04-03 11:43:39 | CPU: 0.2% | RAM: 10.7% | Disk: 0.8%
2026-04-05 07:04:59 | CPU: 0.6% | RAM: 17.7% | Disk: 0.8%
2026-04-05 07:05:02 | CPU: 1.1% | RAM: 17.7% | Disk: 0.8%
2026-04-05 07:05:05 | CPU: 0.9% | RAM: 17.6% | Disk: 0.8%
2026-04-05 07:05:08 | CPU: 0.3% | RAM: 17.7% | Disk: 0.8%
2026-04-05 07:05:11 | CPU: 0.2% | RAM: 17.6% | Disk: 0.8%
2026-04-05 07:05:14 | CPU: 1.1% | RAM: 17.6% | Disk: 0.8%
2026-04-05 07:05:17 | CPU: 0.5% | RAM: 17.7% | Disk: 0.8%
2026-04-05 07:05:20 | CPU: 0.2% | RAM: 17.6% | Disk: 0.8%
2026-04-05 07:05:23 | CPU: 0.8% | RAM: 17.7% | Disk: 0.8%
2026-04-05 07:05:27 | CPU: 0.2% | RAM: 17.6% | Disk: 0.8%
2026-04-05 07:05:30 | CPU: 0.2% | RAM: 17.6% | Disk: 0.8%
